Shopping cart,Shopping cart pos,SC description,Company ID ,Company ,ID Company (order for),Company (order for),Purchasing organisation,Purchasing group,Purch group short,eCl@ss,SC create date,SC approval date ,Delivery from,Delivery to,Requestor,Requesting cost centre,Cost center to be charged,Account assignment,SC value type,SC price unit,SC quantity unit en,SC currency,Avg. SC ageing ,SC quantity ,Avg. SC net price per unit in EUR,SC value in EUR ,Avg. SC net price per unit in currency,SC value in currency ,Status
1012360000,1,Working Lunch Boxes,0800,SKODA Auto VW India,0800,Plant Pune,Purchasing Organisation LPOS (SAVWIPL),Purchasing Group A05,A05,25200000 - Gastronomie Und Bewirtung (Dienstleistung),8/30/2026,1/9/2026,9/6/2026,10/1/2026,SAGAR SATHE,2172000,2172000,ZCC,CTM (<10k €),1,EA,INR,30,44,2.57,113,238,"10,472",Open
,2,Meals For Training Batch,0800,SKODA Auto VW India,0800,Plant Pune,Purchasing Organisation LPOS (SAVWIPL),Purchasing Group A05,A05,25200000 - Gastronomie Und Bewirtung (Dienstleistung),8/30/2026,1/9/2026,9/6/2026,10/1/2026,SAGAR SATHE,2172000,2172000,ZCC,CTM (<10k €),1,EA,INR,30,79,3.30,260,305,"24,095",
1012360053,1,Client Dinner Catering,0800,SKODA Auto VW India,0800,Plant Pune,Purchasing Organisation LPOS (SAVWIPL),Purchasing Group G09,G09,41120214 - Eventcatering,8/19/2026,21/8/2026,8/26/2026,9/20/2026,ROHAN SHINDE,2177000,2177000,ZCC,CTM (<10k €),1,AU,INR,41,1,562.70,563,"52,050","52,050",Open
,2,Guest Refreshment Counter Setup,0800,SKODA Auto VW India,0800,Plant Pune,Purchasing Organisation LPOS (SAVWIPL),Purchasing Group G09,G09,41120214 - Eventcatering,8/19/2026,21/8/2026,8/26/2026,9/20/2026,ROHAN SHINDE,2177000,2177000,ZCC,CTM (<10k €),1,AU,INR,41,2,116.23,232,"10,751","21,502",
,3,Annual Day Event Catering,0800,SKODA Auto VW India,0800,Plant Pune,Purchasing Organisation LPOS (SAVWIPL),Purchasing Group G09,G09,41120214 - Eventcatering,8/19/2026,21/8/2026,8/26/2026,9/20/2026,ROHAN SHINDE,2177000,2177000,ZCC,CTM (<10k €),1,EA,INR,41,161,5.59,900,517,"83,237",
1012360106,1,Portable Projector Full HD,0800,SKODA Auto VW India,0800,Plant Pune,Purchasing Organisation LPOS (SAVWIPL),Purchasing Group GPN,GPN,24321900 - Projektor,8/8/2026,10/8/2026,8/15/2026,9/9/2026,SAGAR SATHE,2182000,2182000,ZCC,CTM (<10k €),1,EA,INR,52,4,418.48,"1,674","38,709","154,836",Open
,2,Tripod Stand Projector Screen 10x8 Ft,0800,SKODA Auto VW India,0800,Plant Pune,Purchasing Organisation LPOS (SAVWIPL),Purchasing Group GPN,GPN,24321900 - Projektor,8/8/2026,10/8/2026,8/15/2026,9/9/2026,SAGAR SATHE,2182000,2182000,ZCC,CTM (<10k €),1,EA,INR,52,3,147.17,442,"13,613","40,839",
,3,Wireless Presenter Clicker,0800,SKODA Auto VW India,0800,Plant Pune,Purchasing Organisation LPOS (SAVWIPL),Purchasing Group GPN,GPN,24321900 - Projektor,8/8/2026,10/8/2026,8/15/2026,9/9/2026,SAGAR SATHE,2182000,2182000,ZCC,CTM (<10k €),1,EA,INR,52,4,21.88,88,"2,024","8,096",
1012360159,1,USB C Docking Station,0800,SKODA Auto VW India,0800,Plant Pune,Purchasing Organisation LPOS (SAVWIPL),Purchasing Group GPN,GPN,43211500 - IT Accessories,7/28/2026,30/7/2026,8/4/2026,8/29/2026,VIKRAM MORE,2176000,2176000,ZCC,CTM (<10k €),1,EA,INR,63,19,45.81,870,"4,237","80,503",Open
,2,Wireless Keyboard Mouse Combo,0800,SKODA Auto VW India,0800,Plant Pune,Purchasing Organisation LPOS (SAVWIPL),Purchasing Group GPN,GPN,43211500 - IT Accessories,7/28/2026,30/7/2026,8/4/2026,8/29/2026,VIKRAM MORE,2176000,2176000,ZCC,CTM (<10k €),1,EA,INR,63,15,17.10,257,"1,582","23,730",
1012360212,1,A4 Copier Paper 75 GSM Ream,0800,SKODA Auto VW India,0800,Plant Pune,Purchasing Organisation LPOS (SAVWIPL),Purchasing Group A05,A05,44121600 - Stationery,7/17/2026,19/7/2026,7/24/2026,8/18/2026,VIKRAM MORE,2181000,2181000,ZCC,CTM (<10k €),1,EA,INR,74,233,2.68,625,248,"57,784",Open
,2,File Folders,0800,SKODA Auto VW India,0800,Plant Pune,Purchasing Organisation LPOS (SAVWIPL),Purchasing Group A05,A05,44121600 - Stationery,7/17/2026,19/7/2026,7/24/2026,8/18/2026,VIKRAM MORE,2181000,2181000,ZCC,CTM (<10k €),1,EA,INR,74,451,0.35,156,32,"14,432",
,3,Whiteboard Markers Box,0800,SKODA Auto VW India,0800,Plant Pune,Purchasing Organisation LPOS (SAVWIPL),Purchasing Group A05,A05,44121600 - Stationery,7/17/2026,19/7/2026,7/24/2026,8/18/2026,VIKRAM MORE,2181000,2181000,ZCC,CTM (<10k €),1,EA,INR,74,60,3.36,202,311,"18,660",
1012360265,1,Pest Control Annual Contract,0800,SKODA Auto VW India,9790,Volkswagen Group Digital Sol Pvt Ltd,Purchase Organisation LPOS,Purchasing Group G09,G09,90101500 - Facility Services,7/6/2026,8/7/2026,7/13/2026,8/7/2026,ROHAN SHINDE,2176000,2176000,ZCC,CTM (<10k €),1,AU,INR,85,1,366.28,366,"33,881","33,881",Open
,2,Housekeeping Service Monthly,0800,SKODA Auto VW India,9790,Volkswagen Group Digital Sol Pvt Ltd,Purchase Organisation LPOS,Purchasing Group G09,G09,90101500 - Facility Services,7/6/2026,8/7/2026,7/13/2026,8/7/2026,ROHAN SHINDE,2176000,2176000,ZCC,CTM (<10k €),1,AU,INR,85,3,872.10,"2,616","80,669","242,007",
,3,Garden Maintenance Monthly,0800,SKODA Auto VW India,9790,Volkswagen Group Digital Sol Pvt Ltd,Purchase Organisation LPOS,Purchasing Group G09,G09,90101500 - Facility Services,7/6/2026,8/7/2026,7/13/2026,8/7/2026,ROHAN SHINDE,2176000,2176000,ZCC,CTM (<10k €),1,AU,INR,85,3,300,900,"27,750","83,250",
1012360318,1,Visitor Brochure Printing,0800,SKODA Auto VW India,0800,Plant Pune,Purchasing Organisation LPOS (SAVWIPL),Purchasing Group A05,A05,82121500 - Printing Services,6/25/2026,27/6/2026,7/2/2026,7/27/2026,SAGAR SATHE,2175000,2175000,ZCC,CTM (<10k €),1,EA,INR,96,"2,786",0.37,"1,024",34,"94,724",Open
,2,Safety Poster Printing A2,0800,SKODA Auto VW India,0800,Plant Pune,Purchasing Organisation LPOS (SAVWIPL),Purchasing Group A05,A05,82121500 - Printing Services,6/25/2026,27/6/2026,7/2/2026,7/27/2026,SAGAR SATHE,2175000,2175000,ZCC,CTM (<10k €),1,EA,INR,96,84,1.87,157,173,"14,532",
1012360371,1,Visitor Cab Hire Package,0800,SKODA Auto VW India,0800,Plant Pune,Purchasing Organisation LPOS (SAVWIPL),Purchasing Group G07,G07,78101800 - Transport And Logistics,6/14/2026,16/6/2026,6/21/2026,7/16/2026,SHALINI RAJENDRA,2174000,2174000,ZCC,Standard (>=10k €),1,AU,INR,107,80,149.17,"11,933","13,798","1,103,840",Open
,2,Courier Charges Bulk Dispatch,0800,SKODA Auto VW India,0800,Plant Pune,Purchasing Organisation LPOS (SAVWIPL),Purchasing Group G07,G07,78101800 - Transport And Logistics,6/14/2026,16/6/2026,6/21/2026,7/16/2026,SHALINI RAJENDRA,2174000,2174000,ZCC,CTM (<10k €),1,AU,INR,107,2,176.74,353,"16,348","32,696",
,3,Employee Shuttle Hire Monthly,0800,SKODA Auto VW India,0800,Plant Pune,Purchasing Organisation LPOS (SAVWIPL),Purchasing Group G07,G07,78101800 - Transport And Logistics,6/14/2026,16/6/2026,6/21/2026,7/16/2026,SHALINI RAJENDRA,2174000,2174000,ZCC,CTM (<10k €),1,AU,INR,107,3,808.45,"2,425","74,782","224,346",
1012360424,1,First Aid Training Per Batch,0800,SKODA Auto VW India,0800,Plant Pune,Purchasing Organisation LPOS (SAVWIPL),Purchasing Group G05,G05,86101700 - Training Services,6/3/2026,5/6/2026,6/10/2026,7/5/2026,SHALINI RAJENDRA,2177000,2177000,ZCC,CTM (<10k €),1,AU,INR,118,2,211.50,423,"19,564","39,128",Open
,2,Soft Skills Workshop Per Batch,0800,SKODA Auto VW India,0800,Plant Pune,Purchasing Organisation LPOS (SAVWIPL),Purchasing Group G05,G05,86101700 - Training Services,6/3/2026,5/6/2026,6/10/2026,7/5/2026,SHALINI RAJENDRA,2177000,2177000,ZCC,CTM (<10k €),1,AU,INR,118,3,293.88,882,"27,184","81,552",
,3,Excel Advanced Training Per Batch,0800,SKODA Auto VW India,0800,Plant Pune,Purchasing Organisation LPOS (SAVWIPL),Purchasing Group G05,G05,86101700 - Training Services,6/3/2026,5/6/2026,6/10/2026,7/5/2026,SHALINI RAJENDRA,2177000,2177000,ZCC,CTM (<10k €),1,AU,INR,118,3,279.45,838,"25,849","77,547",
1012360477,1,Safety Gloves Pairs,0800,SKODA Auto VW India,0800,Plant Pune,Purchasing Organisation LPOS (SAVWIPL),Purchasing Group G03,G03,40101800 - Maintenance Consumables,5/23/2026,25/5/2026,5/30/2026,6/24/2026,SNEHA BHOSALE,2176000,2176000,ZCC,CTM (<10k €),1,EA,INR,129,249,0.57,143,53,"13,197",Open
,2,Cotton Waste Bale,0800,SKODA Auto VW India,0800,Plant Pune,Purchasing Organisation LPOS (SAVWIPL),Purchasing Group G03,G03,40101800 - Maintenance Consumables,5/23/2026,25/5/2026,5/30/2026,6/24/2026,SNEHA BHOSALE,2176000,2176000,ZCC,CTM (<10k €),1,EA,INR,129,55,9.03,496,835,"45,925",
1012360530,1,Delegation Lunch Buffet,0800,SKODA Auto VW India,0800,Plant Pune,Purchasing Organisation LPOS (SAVWIPL),Purchasing Group A05,A05,25200000 - Gastronomie Und Bewirtung (Dienstleistung),5/12/2026,14/5/2026,5/19/2026,6/13/2026,SHALINI RAJENDRA,2180000,2180000,ZCC,CTM (<10k €),1,EA,INR,140,226,3.23,731,299,"67,574",Open
,2,Meals For Training Batch,0800,SKODA Auto VW India,0800,Plant Pune,Purchasing Organisation LPOS (SAVWIPL),Purchasing Group A05,A05,25200000 - Gastronomie Und Bewirtung (Dienstleistung),5/12/2026,14/5/2026,5/19/2026,6/13/2026,SHALINI RAJENDRA,2180000,2180000,ZCC,CTM (<10k €),1,EA,INR,140,150,2.16,324,200,"30,000",
,3,Tea And Snacks For Review Meeting,0800,SKODA Auto VW India,0800,Plant Pune,Purchasing Organisation LPOS (SAVWIPL),Purchasing Group A05,A05,25200000 - Gastronomie Und Bewirtung (Dienstleistung),5/12/2026,14/5/2026,5/19/2026,6/13/2026,SHALINI RAJENDRA,2180000,2180000,ZCC,CTM (<10k €),1,EA,INR,140,108,0.56,61,52,"5,616",
1012360583,1,Guest Refreshment Counter Setup,0800,SKODA Auto VW India,9790,Volkswagen Group Digital Sol Pvt Ltd,Purchase Organisation LPOS,Purchasing Group G09,G09,41120214 - Eventcatering,5/1/2026,3/5/2026,5/8/2026,6/2/2026,VIKRAM MORE,2178000,2178000,ZCC,CTM (<10k €),1,AU,INR,151,1,202.40,202,"18,722","18,722",Open
,2,Annual Day Event Catering,0800,SKODA Auto VW India,9790,Volkswagen Group Digital Sol Pvt Ltd,Purchase Organisation LPOS,Purchasing Group G09,G09,41120214 - Eventcatering,5/1/2026,3/5/2026,5/8/2026,6/2/2026,VIKRAM MORE,2178000,2178000,ZCC,CTM (<10k €),1,EA,INR,151,174,4.58,798,424,"73,776",
,3,Client Dinner Catering,0800,SKODA Auto VW India,9790,Volkswagen Group Digital Sol Pvt Ltd,Purchase Organisation LPOS,Purchasing Group G09,G09,41120214 - Eventcatering,5/1/2026,3/5/2026,5/8/2026,6/2/2026,VIKRAM MORE,2178000,2178000,ZCC,CTM (<10k €),1,AU,INR,151,1,513.54,514,"47,502","47,502",
1012360636,1,Portable Projector Full HD,0800,SKODA Auto VW India,0800,Plant Pune,Purchasing Organisation LPOS (SAVWIPL),Purchasing Group GPN,GPN,24321900 - Projektor,4/20/2026,22/4/2026,4/27/2026,5/22/2026,PRIYA JOSHI,2181000,2181000,ZCC,CTM (<10k €),1,EA,INR,162,1,381.84,382,"35,320","35,320",Open
,2,Wireless Presenter Clicker,0800,SKODA Auto VW India,0800,Plant Pune,Purchasing Organisation LPOS (SAVWIPL),Purchasing Group GPN,GPN,24321900 - Projektor,4/20/2026,22/4/2026,4/27/2026,5/22/2026,PRIYA JOSHI,2181000,2181000,ZCC,CTM (<10k €),1,EA,INR,162,2,35.31,71,"3,266","6,532",
1012360689,1,HDMI Cable 3 Mtr,0800,SKODA Auto VW India,0800,Plant Pune,Purchasing Organisation LPOS (SAVWIPL),Purchasing Group GPN,GPN,43211500 - IT Accessories,4/9/2026,11/4/2026,4/16/2026,5/11/2026,VIKRAM MORE,2173000,2173000,ZCC,CTM (<10k €),1,EA,INR,173,43,1.89,81,175,"7,525",Open
,2,Wireless Keyboard Mouse Combo,0800,SKODA Auto VW India,0800,Plant Pune,Purchasing Organisation LPOS (SAVWIPL),Purchasing Group GPN,GPN,43211500 - IT Accessories,4/9/2026,11/4/2026,4/16/2026,5/11/2026,VIKRAM MORE,2173000,2173000,ZCC,CTM (<10k €),1,EA,INR,173,27,15.29,413,"1,414","38,178",
,3,USB C Docking Station,0800,SKODA Auto VW India,0800,Plant Pune,Purchasing Organisation LPOS (SAVWIPL),Purchasing Group GPN,GPN,43211500 - IT Accessories,4/9/2026,11/4/2026,4/16/2026,5/11/2026,VIKRAM MORE,2173000,2173000,ZCC,CTM (<10k €),1,EA,INR,173,14,45.86,642,"4,242","59,388",
1012360742,1,A4 Copier Paper 75 GSM Ream,0800,SKODA Auto VW India,0800,Plant Pune,Purchasing Organisation LPOS (SAVWIPL),Purchasing Group A05,A05,44121600 - Stationery,8/26/2026,28/8/2026,9/2/2026,9/27/2026,AMIT DESHMUKH,2180000,2180000,ZCC,CTM (<10k €),1,EA,INR,34,202,2.85,577,264,"53,328",Open
,2,File Folders,0800,SKODA Auto VW India,0800,Plant Pune,Purchasing Organisation LPOS (SAVWIPL),Purchasing Group A05,A05,44121600 - Stationery,8/26/2026,28/8/2026,9/2/2026,9/27/2026,AMIT DESHMUKH,2180000,2180000,ZCC,CTM (<10k €),1,EA,INR,34,342,0.45,155,42,"14,364",
,3,Whiteboard Markers Box,0800,SKODA Auto VW India,0800,Plant Pune,Purchasing Organisation LPOS (SAVWIPL),Purchasing Group A05,A05,44121600 - Stationery,8/26/2026,28/8/2026,9/2/2026,9/27/2026,AMIT DESHMUKH,2180000,2180000,ZCC,CTM (<10k €),1,EA,INR,34,29,2.31,67,214,"6,206",
1012360795,1,File Folders,0800,SKODA Auto VW India,0800,Plant Pune,Purchasing Organisation LPOS (SAVWIPL),Purchasing Group A05,A05,44121600 - Stationery,8/15/2026,17/8/2026,8/22/2026,9/16/2026,SHALINI RAJENDRA,2176000,2176000,ZCC,CTM (<10k €),1,EA,INR,45,40,0.27,11,25,"1,000",Open
1012360848,1,Visitor Brochure Printing,0800,SKODA Auto VW India,0800,Plant Pune,Purchasing Organisation LPOS (SAVWIPL),Purchasing Group A05,A05,82121500 - Printing Services,8/4/2026,6/8/2026,8/11/2026,9/5/2026,NEHA KULKARNI,2182000,2182000,ZCC,CTM (<10k €),1,EA,INR,56,"2,805",0.50,"1,395",46,"129,030",Open
,2,Employee Handbook Printing,0800,SKODA Auto VW India,0800,Plant Pune,Purchasing Organisation LPOS (SAVWIPL),Purchasing Group A05,A05,82121500 - Printing Services,8/4/2026,6/8/2026,8/11/2026,9/5/2026,NEHA KULKARNI,2182000,2182000,ZCC,CTM (<10k €),1,EA,INR,56,544,2.41,"1,311",223,"121,312",
,3,Safety Poster Printing A2,0800,SKODA Auto VW India,0800,Plant Pune,Purchasing Organisation LPOS (SAVWIPL),Purchasing Group A05,A05,82121500 - Printing Services,8/4/2026,6/8/2026,8/11/2026,9/5/2026,NEHA KULKARNI,2182000,2182000,ZCC,CTM (<10k €),1,EA,INR,56,94,1.59,149,147,"13,818",
1012360901,1,Employee Shuttle Hire Monthly,0800,SKODA Auto VW India,9790,Volkswagen Group Digital Sol Pvt Ltd,Purchase Organisation LPOS,Purchasing Group G07,G07,78101800 - Transport And Logistics,7/24/2026,26/7/2026,7/31/2026,8/25/2026,SHALINI RAJENDRA,2174000,2174000,ZCC,CTM (<10k €),1,AU,INR,67,2,460.50,921,"42,596","85,192",Open
,2,Courier Charges Bulk Dispatch,0800,SKODA Auto VW India,9790,Volkswagen Group Digital Sol Pvt Ltd,Purchase Organisation LPOS,Purchasing Group G07,G07,78101800 - Transport And Logistics,7/24/2026,26/7/2026,7/31/2026,8/25/2026,SHALINI RAJENDRA,2174000,2174000,ZCC,CTM (<10k €),1,AU,INR,67,1,143.74,144,"13,296","13,296",
,3,Visitor Cab Hire Package,0800,SKODA Auto VW India,9790,Volkswagen Group Digital Sol Pvt Ltd,Purchase Organisation LPOS,Purchasing Group G07,G07,78101800 - Transport And Logistics,7/24/2026,26/7/2026,7/31/2026,8/25/2026,SHALINI RAJENDRA,2174000,2174000,ZCC,CTM (<10k €),1,AU,INR,67,3,92.39,277,"8,546","25,638",
1012360954,1,First Aid Training Per Batch,0800,SKODA Auto VW India,0800,Plant Pune,Purchasing Organisation LPOS (SAVWIPL),Purchasing Group G05,G05,86101700 - Training Services,7/13/2026,15/7/2026,7/20/2026,8/14/2026,SAGAR SATHE,2174000,2174000,ZCC,CTM (<10k €),1,AU,INR,78,3,304.19,913,"28,138","84,414",Open
,2,Soft Skills Workshop Per Batch,0800,SKODA Auto VW India,0800,Plant Pune,Purchasing Organisation LPOS (SAVWIPL),Purchasing Group G05,G05,86101700 - Training Services,7/13/2026,15/7/2026,7/20/2026,8/14/2026,SAGAR SATHE,2174000,2174000,ZCC,CTM (<10k €),1,AU,INR,78,3,304.42,913,"28,159","84,477",
1012361007,1,Lubricant Grease 18 Kg Pail,0800,SKODA Auto VW India,0800,Plant Pune,Purchasing Organisation LPOS (SAVWIPL),Purchasing Group G03,G03,40101800 - Maintenance Consumables,7/2/2026,4/7/2026,7/9/2026,8/3/2026,NEHA KULKARNI,2180000,2180000,ZCC,CTM (<10k €),1,EA,INR,89,8,63.83,511,"5,904","47,232",Open
,2,Cotton Waste Bale,0800,SKODA Auto VW India,0800,Plant Pune,Purchasing Organisation LPOS (SAVWIPL),Purchasing Group G03,G03,40101800 - Maintenance Consumables,7/2/2026,4/7/2026,7/9/2026,8/3/2026,NEHA KULKARNI,2180000,2180000,ZCC,CTM (<10k €),1,EA,INR,89,119,9.16,"1,090",847,"100,793",
,3,Safety Gloves Pairs,0800,SKODA Auto VW India,0800,Plant Pune,Purchasing Organisation LPOS (SAVWIPL),Purchasing Group G03,G03,40101800 - Maintenance Consumables,7/2/2026,4/7/2026,7/9/2026,8/3/2026,NEHA KULKARNI,2180000,2180000,ZCC,CTM (<10k €),1,EA,INR,89,183,1.26,231,117,"21,411",
1012361060,1,Working Lunch Boxes,0800,SKODA Auto VW India,0800,Plant Pune,Purchasing Organisation LPOS (SAVWIPL),Purchasing Group A05,A05,25200000 - Gastronomie Und Bewirtung (Dienstleistung),6/21/2026,23/6/2026,6/28/2026,7/23/2026,AMIT DESHMUKH,2180000,2180000,ZCC,CTM (<10k €),1,EA,INR,100,118,2.81,332,260,"30,680",Open
,2,Tea And Snacks For Review Meeting,0800,SKODA Auto VW India,0800,Plant Pune,Purchasing Organisation LPOS (SAVWIPL),Purchasing Group A05,A05,25200000 - Gastronomie Und Bewirtung (Dienstleistung),6/21/2026,23/6/2026,6/28/2026,7/23/2026,AMIT DESHMUKH,2180000,2180000,ZCC,CTM (<10k €),1,EA,INR,100,22,1.02,22,94,"2,068",
,3,Delegation Lunch Buffet,0800,SKODA Auto VW India,0800,Plant Pune,Purchasing Organisation LPOS (SAVWIPL),Purchasing Group A05,A05,25200000 - Gastronomie Und Bewirtung (Dienstleistung),6/21/2026,23/6/2026,6/28/2026,7/23/2026,AMIT DESHMUKH,2180000,2180000,ZCC,CTM (<10k €),1,EA,INR,100,345,2.78,959,257,"88,665",
,4,Meals For Training Batch,0800,SKODA Auto VW India,0800,Plant Pune,Purchasing Organisation LPOS (SAVWIPL),Purchasing Group A05,A05,25200000 - Gastronomie Und Bewirtung (Dienstleistung),6/21/2026,23/6/2026,6/28/2026,7/23/2026,AMIT DESHMUKH,2180000,2180000,ZCC,CTM (<10k €),1,EA,INR,100,65,2.63,171,243,"15,795",
1012361113,1,Guest Refreshment Counter Setup,0800,SKODA Auto VW India,0800,Plant Pune,Purchasing Organisation LPOS (SAVWIPL),Purchasing Group G09,G09,41120214 - Eventcatering,6/10/2026,12/6/2026,6/17/2026,7/12/2026,AMIT DESHMUKH,2179000,2179000,ZCC,CTM (<10k €),1,AU,INR,111,2,125.18,250,"11,579","23,158",Open
,2,Annual Day Event Catering,0800,SKODA Auto VW India,0800,Plant Pune,Purchasing Organisation LPOS (SAVWIPL),Purchasing Group G09,G09,41120214 - Eventcatering,6/10/2026,12/6/2026,6/17/2026,7/12/2026,AMIT DESHMUKH,2179000,2179000,ZCC,CTM (<10k €),1,EA,INR,111,298,5.07,"1,511",469,"139,762",
1012361166,1,Tripod Stand Projector Screen 10x8 Ft,0800,SKODA Auto VW India,0800,Plant Pune,Purchasing Organisation LPOS (SAVWIPL),Purchasing Group GPN,GPN,24321900 - Projektor,5/30/2026,1/6/2026,6/6/2026,7/1/2026,SNEHA BHOSALE,2174000,2174000,ZCC,CTM (<10k €),1,EA,INR,122,4,123.66,495,"11,439","45,756",Open
,2,Portable Projector Full HD,0800,SKODA Auto VW India,0800,Plant Pune,Purchasing Organisation LPOS (SAVWIPL),Purchasing Group GPN,GPN,24321900 - Projektor,5/30/2026,1/6/2026,6/6/2026,7/1/2026,SNEHA BHOSALE,2174000,2174000,ZCC,CTM (<10k €),1,EA,INR,122,4,389.31,"1,557","36,011","144,044",
,3,Wireless Presenter Clicker,0800,SKODA Auto VW India,0800,Plant Pune,Purchasing Organisation LPOS (SAVWIPL),Purchasing Group GPN,GPN,24321900 - Projektor,5/30/2026,1/6/2026,6/6/2026,7/1/2026,SNEHA BHOSALE,2174000,2174000,ZCC,CTM (<10k €),1,EA,INR,122,7,28.76,201,"2,660","18,620",
1012361219,1,HDMI Cable 3 Mtr,0800,SKODA Auto VW India,9790,Volkswagen Group Digital Sol Pvt Ltd,Purchase Organisation LPOS,Purchasing Group GPN,GPN,43211500 - IT Accessories,5/19/2026,21/5/2026,5/26/2026,6/20/2026,SHALINI RAJENDRA,2176000,2176000,ZCC,Standard (>=10k €),1,EA,INR,133,"3,143",3.78,"11,892",350,"1,100,050",Open
,2,Wireless Keyboard Mouse Combo,0800,SKODA Auto VW India,9790,Volkswagen Group Digital Sol Pvt Ltd,Purchase Organisation LPOS,Purchasing Group GPN,GPN,43211500 - IT Accessories,5/19/2026,21/5/2026,5/26/2026,6/20/2026,SHALINI RAJENDRA,2176000,2176000,ZCC,CTM (<10k €),1,EA,INR,133,27,21.77,588,"2,014","54,378",
,3,USB C Docking Station,0800,SKODA Auto VW India,9790,Volkswagen Group Digital Sol Pvt Ltd,Purchase Organisation LPOS,Purchasing Group GPN,GPN,43211500 - IT Accessories,5/19/2026,21/5/2026,5/26/2026,6/20/2026,SHALINI RAJENDRA,2176000,2176000,ZCC,CTM (<10k €),1,EA,INR,133,12,52.53,630,"4,859","58,308",
1012361272,1,File Folders,0800,SKODA Auto VW India,0800,Plant Pune,Purchasing Organisation LPOS (SAVWIPL),Purchasing Group A05,A05,44121600 - Stationery,5/8/2026,10/5/2026,5/15/2026,6/9/2026,PRIYA JOSHI,2173000,2173000,ZCC,CTM (<10k €),1,EA,INR,144,113,0.29,33,27,"3,051",Open
,2,Whiteboard Markers Box,0800,SKODA Auto VW India,0800,Plant Pune,Purchasing Organisation LPOS (SAVWIPL),Purchasing Group A05,A05,44121600 - Stationery,5/8/2026,10/5/2026,5/15/2026,6/9/2026,PRIYA JOSHI,2173000,2173000,ZCC,CTM (<10k €),1,EA,INR,144,29,2.27,66,210,"6,090",
1012361325,1,Pest Control Annual Contract,0800,SKODA Auto VW India,0800,Plant Pune,Purchasing Organisation LPOS (SAVWIPL),Purchasing Group G09,G09,90101500 - Facility Services,4/27/2026,29/4/2026,5/4/2026,5/29/2026,MRUNAL PAWAR,2174000,2174000,ZCC,CTM (<10k €),1,AU,INR,155,1,663.44,663,"61,368","61,368",Open
,2,Garden Maintenance Monthly,0800,SKODA Auto VW India,0800,Plant Pune,Purchasing Organisation LPOS (SAVWIPL),Purchasing Group G09,G09,90101500 - Facility Services,4/27/2026,29/4/2026,5/4/2026,5/29/2026,MRUNAL PAWAR,2174000,2174000,ZCC,CTM (<10k €),1,AU,INR,155,1,375.36,375,"34,721","34,721",
,3,Housekeeping Service Monthly,0800,SKODA Auto VW India,0800,Plant Pune,Purchasing Organisation LPOS (SAVWIPL),Purchasing Group G09,G09,90101500 - Facility Services,4/27/2026,29/4/2026,5/4/2026,5/29/2026,MRUNAL PAWAR,2174000,2174000,ZCC,CTM (<10k €),1,AU,INR,155,2,972.59,"1,945","89,965","179,930",
1012361378,1,Visitor Brochure Printing,0800,SKODA Auto VW India,0800,Plant Pune,Purchasing Organisation LPOS (SAVWIPL),Purchasing Group A05,A05,82121500 - Printing Services,4/16/2026,18/4/2026,4/23/2026,5/18/2026,SHALINI RAJENDRA,2171000,2171000,ZCC,CTM (<10k €),1,EA,INR,166,"2,551",0.38,965,35,"89,285",Open
,2,Safety Poster Printing A2,0800,SKODA Auto VW India,0800,Plant Pune,Purchasing Organisation LPOS (SAVWIPL),Purchasing Group A05,A05,82121500 - Printing Services,4/16/2026,18/4/2026,4/23/2026,5/18/2026,SHALINI RAJENDRA,2171000,2171000,ZCC,CTM (<10k €),1,EA,INR,166,167,2.40,401,222,"37,074",
,3,Employee Handbook Printing,0800,SKODA Auto VW India,0800,Plant Pune,Purchasing Organisation LPOS (SAVWIPL),Purchasing Group A05,A05,82121500 - Printing Services,4/16/2026,18/4/2026,4/23/2026,5/18/2026,SHALINI RAJENDRA,2171000,2171000,ZCC,CTM (<10k €),1,EA,INR,166,479,2.91,"1,393",269,"128,851",
1012361431,1,Employee Shuttle Hire Monthly,0800,SKODA Auto VW India,0800,Plant Pune,Purchasing Organisation LPOS (SAVWIPL),Purchasing Group G07,G07,78101800 - Transport And Logistics,4/5/2026,7/4/2026,4/12/2026,5/7/2026,SAGAR SATHE,2170000,2170000,ZCC,CTM (<10k €),1,AU,INR,177,2,735.06,"1,470","67,993","135,986",Open
,2,Visitor Cab Hire Package,0800,SKODA Auto VW India,0800,Plant Pune,Purchasing Organisation LPOS (SAVWIPL),Purchasing Group G07,G07,78101800 - Transport And Logistics,4/5/2026,7/4/2026,4/12/2026,5/7/2026,SAGAR SATHE,2170000,2170000,ZCC,CTM (<10k €),1,AU,INR,177,3,166.70,500,"15,420","46,260",
1012361484,1,Excel Advanced Training Per Batch,0800,SKODA Auto VW India,0800,Plant Pune,Purchasing Organisation LPOS (SAVWIPL),Purchasing Group G05,G05,86101700 - Training Services,8/22/2026,24/8/2026,8/29/2026,9/23/2026,PRIYA JOSHI,2170000,2170000,ZCC,CTM (<10k €),1,AU,INR,38,1,330.72,331,"30,592","30,592",Open
,2,Soft Skills Workshop Per Batch,0800,SKODA Auto VW India,0800,Plant Pune,Purchasing Organisation LPOS (SAVWIPL),Purchasing Group G05,G05,86101700 - Training Services,8/22/2026,24/8/2026,8/29/2026,9/23/2026,PRIYA JOSHI,2170000,2170000,ZCC,CTM (<10k €),1,AU,INR,38,1,309.54,310,"28,632","28,632",
,3,First Aid Training Per Batch,0800,SKODA Auto VW India,0800,Plant Pune,Purchasing Organisation LPOS (SAVWIPL),Purchasing Group G05,G05,86101700 - Training Services,8/22/2026,24/8/2026,8/29/2026,9/23/2026,PRIYA JOSHI,2170000,2170000,ZCC,CTM (<10k €),1,AU,INR,38,2,275.38,551,"25,473","50,946",
1012361537,1,Safety Gloves Pairs,0800,SKODA Auto VW India,9790,Volkswagen Group Digital Sol Pvt Ltd,Purchase Organisation LPOS,Purchasing Group G03,G03,40101800 - Maintenance Consumables,8/11/2026,13/8/2026,8/18/2026,9/12/2026,SNEHA BHOSALE,2174000,2174000,ZCC,CTM (<10k €),1,EA,INR,49,187,0.85,160,79,"14,773",Open
,2,Lubricant Grease 18 Kg Pail,0800,SKODA Auto VW India,9790,Volkswagen Group Digital Sol Pvt Ltd,Purchase Organisation LPOS,Purchasing Group G03,G03,40101800 - Maintenance Consumables,8/11/2026,13/8/2026,8/18/2026,9/12/2026,SNEHA BHOSALE,2174000,2174000,ZCC,CTM (<10k €),1,EA,INR,49,4,46.82,187,"4,331","17,324",
,3,Cotton Waste Bale,0800,SKODA Auto VW India,9790,Volkswagen Group Digital Sol Pvt Ltd,Purchase Organisation LPOS,Purchasing Group G03,G03,40101800 - Maintenance Consumables,8/11/2026,13/8/2026,8/18/2026,9/12/2026,SNEHA BHOSALE,2174000,2174000,ZCC,CTM (<10k €),1,EA,INR,49,84,8.03,675,743,"62,412",
1012361590,1,Meals For Training Batch,0800,SKODA Auto VW India,0800,Plant Pune,Purchasing Organisation LPOS (SAVWIPL),Purchasing Group A05,A05,25200000 - Gastronomie Und Bewirtung (Dienstleistung),7/31/2026,2/8/2026,8/7/2026,9/1/2026,SHALINI RAJENDRA,2171000,2171000,ZCC,CTM (<10k €),1,EA,INR,60,89,2.30,205,213,"18,957",Open
,2,Tea And Snacks For Review Meeting,0800,SKODA Auto VW India,0800,Plant Pune,Purchasing Organisation LPOS (SAVWIPL),Purchasing Group A05,A05,25200000 - Gastronomie Und Bewirtung (Dienstleistung),7/31/2026,2/8/2026,8/7/2026,9/1/2026,SHALINI RAJENDRA,2171000,2171000,ZCC,CTM (<10k €),1,EA,INR,60,67,0.49,33,45,"3,015",
1012361643,1,Guest Refreshment Counter Setup,0800,SKODA Auto VW India,0800,Plant Pune,Purchasing Organisation LPOS (SAVWIPL),Purchasing Group G09,G09,41120214 - Eventcatering,7/20/2026,22/7/2026,7/27/2026,8/21/2026,NEHA KULKARNI,2177000,2177000,ZCC,CTM (<10k €),1,AU,INR,71,1,209.73,210,"19,400","19,400",Open
,2,Client Dinner Catering,0800,SKODA Auto VW India,0800,Plant Pune,Purchasing Organisation LPOS (SAVWIPL),Purchasing Group G09,G09,41120214 - Eventcatering,7/20/2026,22/7/2026,7/27/2026,8/21/2026,NEHA KULKARNI,2177000,2177000,ZCC,CTM (<10k €),1,AU,INR,71,1,679.78,680,"62,880","62,880",
,3,Annual Day Event Catering,0800,SKODA Auto VW India,0800,Plant Pune,Purchasing Organisation LPOS (SAVWIPL),Purchasing Group G09,G09,41120214 - Eventcatering,7/20/2026,22/7/2026,7/27/2026,8/21/2026,NEHA KULKARNI,2177000,2177000,ZCC,CTM (<10k €),1,EA,INR,71,289,5.07,"1,465",469,"135,541",
1012361696,1,Wireless Presenter Clicker,0800,SKODA Auto VW India,0800,Plant Pune,Purchasing Organisation LPOS (SAVWIPL),Purchasing Group GPN,GPN,24321900 - Projektor,7/9/2026,11/7/2026,7/16/2026,8/10/2026,KAVITA GAIKWAD,2177000,2177000,ZCC,CTM (<10k €),1,EA,INR,82,5,23.61,118,"2,184","10,920",Open
,2,Tripod Stand Projector Screen 10x8 Ft,0800,SKODA Auto VW India,0800,Plant Pune,Purchasing Organisation LPOS (SAVWIPL),Purchasing Group GPN,GPN,24321900 - Projektor,7/9/2026,11/7/2026,7/16/2026,8/10/2026,KAVITA GAIKWAD,2177000,2177000,ZCC,CTM (<10k €),1,EA,INR,82,4,147.73,591,"13,665","54,660",
,3,Portable Projector Full HD,0800,SKODA Auto VW India,0800,Plant Pune,Purchasing Organisation LPOS (SAVWIPL),Purchasing Group GPN,GPN,24321900 - Projektor,7/9/2026,11/7/2026,7/16/2026,8/10/2026,KAVITA GAIKWAD,2177000,2177000,ZCC,CTM (<10k €),1,EA,INR,82,4,427.59,"1,710","39,552","158,208",
1012361749,1,Wireless Keyboard Mouse Combo,0800,SKODA Auto VW India,0800,Plant Pune,Purchasing Organisation LPOS (SAVWIPL),Purchasing Group GPN,GPN,43211500 - IT Accessories,6/28/2026,30/6/2026,7/5/2026,7/30/2026,RAHUL PATIL,2178000,2178000,ZCC,CTM (<10k €),1,EA,INR,93,23,10.25,236,948,"21,804",Open
,2,USB C Docking Station,0800,SKODA Auto VW India,0800,Plant Pune,Purchasing Organisation LPOS (SAVWIPL),Purchasing Group GPN,GPN,43211500 - IT Accessories,6/28/2026,30/6/2026,7/5/2026,7/30/2026,RAHUL PATIL,2178000,2178000,ZCC,CTM (<10k €),1,EA,INR,93,21,40.79,857,"3,773","79,233",
1012361802,1,File Folders,0800,SKODA Auto VW India,0800,Plant Pune,Purchasing Organisation LPOS (SAVWIPL),Purchasing Group A05,A05,44121600 - Stationery,6/17/2026,19/6/2026,6/24/2026,7/19/2026,SAGAR SATHE,2180000,2180000,ZCC,CTM (<10k €),1,EA,INR,104,439,0.41,180,38,"16,682",Open
,2,Whiteboard Markers Box,0800,SKODA Auto VW India,0800,Plant Pune,Purchasing Organisation LPOS (SAVWIPL),Purchasing Group A05,A05,44121600 - Stationery,6/17/2026,19/6/2026,6/24/2026,7/19/2026,SAGAR SATHE,2180000,2180000,ZCC,CTM (<10k €),1,EA,INR,104,58,2.17,126,201,"11,658",
,3,A4 Copier Paper 75 GSM Ream,0800,SKODA Auto VW India,0800,Plant Pune,Purchasing Organisation LPOS (SAVWIPL),Purchasing Group A05,A05,44121600 - Stationery,6/17/2026,19/6/2026,6/24/2026,7/19/2026,SAGAR SATHE,2180000,2180000,ZCC,CTM (<10k €),1,EA,INR,104,207,2.95,611,273,"56,511",
1012361855,1,Housekeeping Service Monthly,0800,SKODA Auto VW India,9790,Volkswagen Group Digital Sol Pvt Ltd,Purchase Organisation LPOS,Purchasing Group G09,G09,90101500 - Facility Services,6/6/2026,8/6/2026,6/13/2026,7/8/2026,KAVITA GAIKWAD,2175000,2175000,ZCC,CTM (<10k €),1,AU,INR,115,3,935.49,"2,806","86,533","259,599",Open
,2,Pest Control Annual Contract,0800,SKODA Auto VW India,9790,Volkswagen Group Digital Sol Pvt Ltd,Purchase Organisation LPOS,Purchasing Group G09,G09,90101500 - Facility Services,6/6/2026,8/6/2026,6/13/2026,7/8/2026,KAVITA GAIKWAD,2175000,2175000,ZCC,CTM (<10k €),1,AU,INR,115,1,730.91,731,"67,609","67,609",
,3,Garden Maintenance Monthly,0800,SKODA Auto VW India,9790,Volkswagen Group Digital Sol Pvt Ltd,Purchase Organisation LPOS,Purchasing Group G09,G09,90101500 - Facility Services,6/6/2026,8/6/2026,6/13/2026,7/8/2026,KAVITA GAIKWAD,2175000,2175000,ZCC,CTM (<10k €),1,AU,INR,115,1,216.23,216,"20,001","20,001",
1012361908,1,Employee Handbook Printing,0800,SKODA Auto VW India,0800,Plant Pune,Purchasing Organisation LPOS (SAVWIPL),Purchasing Group A05,A05,82121500 - Printing Services,5/26/2026,28/5/2026,6/2/2026,6/27/2026,RAHUL PATIL,2172000,2172000,ZCC,CTM (<10k €),1,EA,INR,126,406,2.79,"1,132",258,"104,748",Open
,2,Visitor Brochure Printing,0800,SKODA Auto VW India,0800,Plant Pune,Purchasing Organisation LPOS (SAVWIPL),Purchasing Group A05,A05,82121500 - Printing Services,5/26/2026,28/5/2026,6/2/2026,6/27/2026,RAHUL PATIL,2172000,2172000,ZCC,CTM (<10k €),1,EA,INR,126,"2,976",0.37,"1,094",34,"101,184",
1012361961,1,Courier Charges Bulk Dispatch,0800,SKODA Auto VW India,0800,Plant Pune,Purchasing Organisation LPOS (SAVWIPL),Purchasing Group G07,G07,78101800 - Transport And Logistics,5/15/2026,17/5/2026,5/22/2026,6/16/2026,ANJALI KADAM,2178000,2178000,ZCC,CTM (<10k €),1,AU,INR,137,2,220.28,441,"20,376","40,752",Open
,2,Visitor Cab Hire Package,0800,SKODA Auto VW India,0800,Plant Pune,Purchasing Organisation LPOS (SAVWIPL),Purchasing Group G07,G07,78101800 - Transport And Logistics,5/15/2026,17/5/2026,5/22/2026,6/16/2026,ANJALI KADAM,2178000,2178000,ZCC,CTM (<10k €),1,AU,INR,137,4,180.24,721,"16,672","66,688",
,3,Employee Shuttle Hire Monthly,0800,SKODA Auto VW India,0800,Plant Pune,Purchasing Organisation LPOS (SAVWIPL),Purchasing Group G07,G07,78101800 - Transport And Logistics,5/15/2026,17/5/2026,5/22/2026,6/16/2026,ANJALI KADAM,2178000,2178000,ZCC,CTM (<10k €),1,AU,INR,137,2,507.30,"1,015","46,925","93,850",
1012362014,1,Soft Skills Workshop Per Batch,0800,SKODA Auto VW India,0800,Plant Pune,Purchasing Organisation LPOS (SAVWIPL),Purchasing Group G05,G05,86101700 - Training Services,5/4/2026,6/5/2026,5/11/2026,6/5/2026,SAGAR SATHE,2170000,2170000,ZCC,CTM (<10k €),1,AU,INR,148,2,492.45,985,"45,552","91,104",Open
,2,Excel Advanced Training Per Batch,0800,SKODA Auto VW India,0800,Plant Pune,Purchasing Organisation LPOS (SAVWIPL),Purchasing Group G05,G05,86101700 - Training Services,5/4/2026,6/5/2026,5/11/2026,6/5/2026,SAGAR SATHE,2170000,2170000,ZCC,CTM (<10k €),1,AU,INR,148,3,269.66,809,"24,944","74,832",
,3,First Aid Training Per Batch,0800,SKODA Auto VW India,0800,Plant Pune,Purchasing Organisation LPOS (SAVWIPL),Purchasing Group G05,G05,86101700 - Training Services,5/4/2026,6/5/2026,5/11/2026,6/5/2026,SAGAR SATHE,2170000,2170000,ZCC,CTM (<10k €),1,AU,INR,148,3,322.65,968,"29,845","89,535",
1012362067,1,Safety Gloves Pairs,0800,SKODA Auto VW India,0800,Plant Pune,Purchasing Organisation LPOS (SAVWIPL),Purchasing Group G03,G03,40101800 - Maintenance Consumables,4/23/2026,25/4/2026,4/30/2026,5/25/2026,MRUNAL PAWAR,2176000,2176000,ZCC,CTM (<10k €),1,EA,INR,159,344,0.54,186,50,"17,200",Open
,2,Cotton Waste Bale,0800,SKODA Auto VW India,0800,Plant Pune,Purchasing Organisation LPOS (SAVWIPL),Purchasing Group G03,G03,40101800 - Maintenance Consumables,4/23/2026,25/4/2026,4/30/2026,5/25/2026,MRUNAL PAWAR,2176000,2176000,ZCC,CTM (<10k €),1,EA,INR,159,71,11.55,820,"1,068","75,828",
1012362120,1,Meals For Training Batch,0800,SKODA Auto VW India,0800,Plant Pune,Purchasing Organisation LPOS (SAVWIPL),Purchasing Group A05,A05,25200000 - Gastronomie Und Bewirtung (Dienstleistung),4/12/2026,14/4/2026,4/19/2026,5/14/2026,SAGAR SATHE,2179000,2179000,ZCC,CTM (<10k €),1,EA,INR,170,90,2.81,253,260,"23,400",Open
,2,Tea And Snacks For Review Meeting,0800,SKODA Auto VW India,0800,Plant Pune,Purchasing Organisation LPOS (SAVWIPL),Purchasing Group A05,A05,25200000 - Gastronomie Und Bewirtung (Dienstleistung),4/12/2026,14/4/2026,4/19/2026,5/14/2026,SAGAR SATHE,2179000,2179000,ZCC,CTM (<10k €),1,EA,INR,170,47,1.08,51,100,"4,700",
,3,Delegation Lunch Buffet,0800,SKODA Auto VW India,0800,Plant Pune,Purchasing Organisation LPOS (SAVWIPL),Purchasing Group A05,A05,25200000 - Gastronomie Und Bewirtung (Dienstleistung),4/12/2026,14/4/2026,4/19/2026,5/14/2026,SAGAR SATHE,2179000,2179000,ZCC,CTM (<10k €),1,EA,INR,170,379,2.76,"1,045",255,"96,645",
1012362173,1,Guest Refreshment Counter Setup,0800,SKODA Auto VW India,9790,Volkswagen Group Digital Sol Pvt Ltd,Purchase Organisation LPOS,Purchasing Group G09,G09,41120214 - Eventcatering,8/29/2026,31/8/2026,9/5/2026,9/30/2026,VIKRAM MORE,2179000,2179000,ZCC,Standard (>=10k €),1,AU,INR,31,100,119.44,"11,944","11,048","1,104,800",Open
,2,Client Dinner Catering,0800,SKODA Auto VW India,9790,Volkswagen Group Digital Sol Pvt Ltd,Purchase Organisation LPOS,Purchasing Group G09,G09,41120214 - Eventcatering,8/29/2026,31/8/2026,9/5/2026,9/30/2026,VIKRAM MORE,2179000,2179000,ZCC,CTM (<10k €),1,AU,INR,31,1,294.10,294,"27,204","27,204",
,3,Annual Day Event Catering,0800,SKODA Auto VW India,9790,Volkswagen Group Digital Sol Pvt Ltd,Purchase Organisation LPOS,Purchasing Group G09,G09,41120214 - Eventcatering,8/29/2026,31/8/2026,9/5/2026,9/30/2026,VIKRAM MORE,2179000,2179000,ZCC,CTM (<10k €),1,EA,INR,31,184,4.29,790,397,"73,048",
1012362226,1,Wireless Presenter Clicker,0800,SKODA Auto VW India,0800,Plant Pune,Purchasing Organisation LPOS (SAVWIPL),Purchasing Group GPN,GPN,24321900 - Projektor,8/18/2026,20/8/2026,8/25/2026,9/19/2026,ANJALI KADAM,2176000,2176000,ZCC,CTM (<10k €),1,EA,INR,42,3,22.67,68,"2,097","6,291",Open
,2,Portable Projector Full HD,0800,SKODA Auto VW India,0800,Plant Pune,Purchasing Organisation LPOS (SAVWIPL),Purchasing Group GPN,GPN,24321900 - Projektor,8/18/2026,20/8/2026,8/25/2026,9/19/2026,ANJALI KADAM,2176000,2176000,ZCC,CTM (<10k €),1,EA,INR,42,4,457.38,"1,830","42,308","169,232",
1012362279,1,HDMI Cable 3 Mtr,0800,SKODA Auto VW India,0800,Plant Pune,Purchasing Organisation LPOS (SAVWIPL),Purchasing Group GPN,GPN,43211500 - IT Accessories,8/7/2026,9/8/2026,8/14/2026,9/8/2026,KAVITA GAIKWAD,2180000,2180000,ZCC,CTM (<10k €),1,EA,INR,53,24,3.86,93,357,"8,568",Open
,2,Wireless Keyboard Mouse Combo,0800,SKODA Auto VW India,0800,Plant Pune,Purchasing Organisation LPOS (SAVWIPL),Purchasing Group GPN,GPN,43211500 - IT Accessories,8/7/2026,9/8/2026,8/14/2026,9/8/2026,KAVITA GAIKWAD,2180000,2180000,ZCC,CTM (<10k €),1,EA,INR,53,26,20.13,523,"1,862","48,412",
,3,USB C Docking Station,0800,SKODA Auto VW India,0800,Plant Pune,Purchasing Organisation LPOS (SAVWIPL),Purchasing Group GPN,GPN,43211500 - IT Accessories,8/7/2026,9/8/2026,8/14/2026,9/8/2026,KAVITA GAIKWAD,2180000,2180000,ZCC,CTM (<10k €),1,EA,INR,53,18,49.71,895,"4,598","82,764",
1012362332,1,File Folders,0800,SKODA Auto VW India,0800,Plant Pune,Purchasing Organisation LPOS (SAVWIPL),Purchasing Group A05,A05,44121600 - Stationery,7/27/2026,29/7/2026,8/3/2026,8/28/2026,ROHAN SHINDE,2175000,2175000,ZCC,CTM (<10k €),1,EA,INR,64,118,0.48,56,44,"5,192",Open
,2,A4 Copier Paper 75 GSM Ream,0800,SKODA Auto VW India,0800,Plant Pune,Purchasing Organisation LPOS (SAVWIPL),Purchasing Group A05,A05,44121600 - Stationery,7/27/2026,29/7/2026,8/3/2026,8/28/2026,ROHAN SHINDE,2175000,2175000,ZCC,CTM (<10k €),1,EA,INR,64,448,2.39,"1,070",221,"99,008",
,3,Whiteboard Markers Box,0800,SKODA Auto VW India,0800,Plant Pune,Purchasing Organisation LPOS (SAVWIPL),Purchasing Group A05,A05,44121600 - Stationery,7/27/2026,29/7/2026,8/3/2026,8/28/2026,ROHAN SHINDE,2175000,2175000,ZCC,CTM (<10k €),1,EA,INR,64,63,3.02,190,279,"17,577",
1012362385,1,Pest Control Annual Contract,0800,SKODA Auto VW India,0800,Plant Pune,Purchasing Organisation LPOS (SAVWIPL),Purchasing Group G09,G09,90101500 - Facility Services,7/16/2026,18/7/2026,7/23/2026,8/17/2026,ANJALI KADAM,2179000,2179000,ZCC,CTM (<10k €),1,AU,INR,75,1,599.52,600,"55,456","55,456",Open
,2,Garden Maintenance Monthly,0800,SKODA Auto VW India,0800,Plant Pune,Purchasing Organisation LPOS (SAVWIPL),Purchasing Group G09,G09,90101500 - Facility Services,7/16/2026,18/7/2026,7/23/2026,8/17/2026,ANJALI KADAM,2179000,2179000,ZCC,CTM (<10k €),1,AU,INR,75,1,367.71,368,"34,013","34,013",
1012362438,1,Employee Handbook Printing,0800,SKODA Auto VW India,0800,Plant Pune,Purchasing Organisation LPOS (SAVWIPL),Purchasing Group A05,A05,82121500 - Printing Services,7/5/2026,7/7/2026,7/12/2026,8/6/2026,PRIYA JOSHI,2182000,2182000,ZCC,CTM (<10k €),1,EA,INR,86,125,2.75,343,254,"31,750",Open
,2,Visitor Brochure Printing,0800,SKODA Auto VW India,0800,Plant Pune,Purchasing Organisation LPOS (SAVWIPL),Purchasing Group A05,A05,82121500 - Printing Services,7/5/2026,7/7/2026,7/12/2026,8/6/2026,PRIYA JOSHI,2182000,2182000,ZCC,CTM (<10k €),1,EA,INR,86,762,0.56,428,52,"39,624",
,3,Safety Poster Printing A2,0800,SKODA Auto VW India,0800,Plant Pune,Purchasing Organisation LPOS (SAVWIPL),Purchasing Group A05,A05,82121500 - Printing Services,7/5/2026,7/7/2026,7/12/2026,8/6/2026,PRIYA JOSHI,2182000,2182000,ZCC,CTM (<10k €),1,EA,INR,86,296,2.18,646,202,"59,792",
1012362491,1,Courier Charges Bulk Dispatch,0800,SKODA Auto VW India,9790,Volkswagen Group Digital Sol Pvt Ltd,Purchase Organisation LPOS,Purchasing Group G07,G07,78101800 - Transport And Logistics,6/24/2026,26/6/2026,7/1/2026,7/26/2026,KAVITA GAIKWAD,2175000,2175000,ZCC,CTM (<10k €),1,AU,INR,97,1,168.52,169,"15,588","15,588",Open
,2,Visitor Cab Hire Package,0800,SKODA Auto VW India,9790,Volkswagen Group Digital Sol Pvt Ltd,Purchase Organisation LPOS,Purchasing Group G07,G07,78101800 - Transport And Logistics,6/24/2026,26/6/2026,7/1/2026,7/26/2026,KAVITA GAIKWAD,2175000,2175000,ZCC,CTM (<10k €),1,AU,INR,97,2,90.27,181,"8,350","16,700",
,3,Employee Shuttle Hire Monthly,0800,SKODA Auto VW India,9790,Volkswagen Group Digital Sol Pvt Ltd,Purchase Organisation LPOS,Purchasing Group G07,G07,78101800 - Transport And Logistics,6/24/2026,26/6/2026,7/1/2026,7/26/2026,KAVITA GAIKWAD,2175000,2175000,ZCC,CTM (<10k €),1,AU,INR,97,1,596.54,597,"55,180","55,180",
1012362544,1,Soft Skills Workshop Per Batch,0800,SKODA Auto VW India,0800,Plant Pune,Purchasing Organisation LPOS (SAVWIPL),Purchasing Group G05,G05,86101700 - Training Services,6/13/2026,15/6/2026,6/20/2026,7/15/2026,AMIT DESHMUKH,2171000,2171000,ZCC,CTM (<10k €),1,AU,INR,108,1,312.24,312,"28,882","28,882",Open
,2,Excel Advanced Training Per Batch,0800,SKODA Auto VW India,0800,Plant Pune,Purchasing Organisation LPOS (SAVWIPL),Purchasing Group G05,G05,86101700 - Training Services,6/13/2026,15/6/2026,6/20/2026,7/15/2026,AMIT DESHMUKH,2171000,2171000,ZCC,CTM (<10k €),1,AU,INR,108,2,226.85,454,"20,984","41,968",
1012362597,1,Lubricant Grease 18 Kg Pail,0800,SKODA Auto VW India,0800,Plant Pune,Purchasing Organisation LPOS (SAVWIPL),Purchasing Group G03,G03,40101800 - Maintenance Consumables,6/2/2026,4/6/2026,6/9/2026,7/4/2026,SHALINI RAJENDRA,2181000,2181000,ZCC,CTM (<10k €),1,EA,INR,119,5,57.66,288,"5,334","26,670",Open
,2,Safety Gloves Pairs,0800,SKODA Auto VW India,0800,Plant Pune,Purchasing Organisation LPOS (SAVWIPL),Purchasing Group G03,G03,40101800 - Maintenance Consumables,6/2/2026,4/6/2026,6/9/2026,7/4/2026,SHALINI RAJENDRA,2181000,2181000,ZCC,CTM (<10k €),1,EA,INR,119,246,1.03,253,95,"23,370",
,3,Cotton Waste Bale,0800,SKODA Auto VW India,0800,Plant Pune,Purchasing Organisation LPOS (SAVWIPL),Purchasing Group G03,G03,40101800 - Maintenance Consumables,6/2/2026,4/6/2026,6/9/2026,7/4/2026,SHALINI RAJENDRA,2181000,2181000,ZCC,CTM (<10k €),1,EA,INR,119,101,9.82,991,908,"91,708",
1012362650,1,Meals For Training Batch,0800,SKODA Auto VW India,0800,Plant Pune,Purchasing Organisation LPOS (SAVWIPL),Purchasing Group A05,A05,25200000 - Gastronomie Und Bewirtung (Dienstleistung),5/22/2026,24/5/2026,5/29/2026,6/23/2026,KAVITA GAIKWAD,2170000,2170000,ZCC,CTM (<10k €),1,EA,INR,130,64,3.46,221,320,"20,480",Open
,2,Working Lunch Boxes,0800,SKODA Auto VW India,0800,Plant Pune,Purchasing Organisation LPOS (SAVWIPL),Purchasing Group A05,A05,25200000 - Gastronomie Und Bewirtung (Dienstleistung),5/22/2026,24/5/2026,5/29/2026,6/23/2026,KAVITA GAIKWAD,2170000,2170000,ZCC,CTM (<10k €),1,EA,INR,130,82,2.18,179,202,"16,564",
,3,Delegation Lunch Buffet,0800,SKODA Auto VW India,0800,Plant Pune,Purchasing Organisation LPOS (SAVWIPL),Purchasing Group A05,A05,25200000 - Gastronomie Und Bewirtung (Dienstleistung),5/22/2026,24/5/2026,5/29/2026,6/23/2026,KAVITA GAIKWAD,2170000,2170000,ZCC,CTM (<10k €),1,EA,INR,130,321,3.21,"1,031",297,"95,337",
,4,Tea And Snacks For Review Meeting,0800,SKODA Auto VW India,0800,Plant Pune,Purchasing Organisation LPOS (SAVWIPL),Purchasing Group A05,A05,25200000 - Gastronomie Und Bewirtung (Dienstleistung),5/22/2026,24/5/2026,5/29/2026,6/23/2026,KAVITA GAIKWAD,2170000,2170000,ZCC,CTM (<10k €),1,EA,INR,130,84,0.99,84,92,"7,728",
1012362703,1,Client Dinner Catering,0800,SKODA Auto VW India,0800,Plant Pune,Purchasing Organisation LPOS (SAVWIPL),Purchasing Group G09,G09,41120214 - Eventcatering,5/11/2026,13/5/2026,5/18/2026,6/12/2026,KAVITA GAIKWAD,2175000,2175000,ZCC,CTM (<10k €),1,AU,INR,141,1,295.26,295,"27,312","27,312",Open
,2,Annual Day Event Catering,0800,SKODA Auto VW India,0800,Plant Pune,Purchasing Organisation LPOS (SAVWIPL),Purchasing Group G09,G09,41120214 - Eventcatering,5/11/2026,13/5/2026,5/18/2026,6/12/2026,KAVITA GAIKWAD,2175000,2175000,ZCC,CTM (<10k €),1,EA,INR,141,172,5.16,887,477,"82,044",
1012362756,1,Portable Projector Full HD,0800,SKODA Auto VW India,0800,Plant Pune,Purchasing Organisation LPOS (SAVWIPL),Purchasing Group GPN,GPN,24321900 - Projektor,4/30/2026,2/5/2026,5/7/2026,6/1/2026,SAGAR SATHE,2171000,2171000,ZCC,CTM (<10k €),1,EA,INR,152,3,314.04,942,"29,049","87,147",Open
,2,Wireless Presenter Clicker,0800,SKODA Auto VW India,0800,Plant Pune,Purchasing Organisation LPOS (SAVWIPL),Purchasing Group GPN,GPN,24321900 - Projektor,4/30/2026,2/5/2026,5/7/2026,6/1/2026,SAGAR SATHE,2171000,2171000,ZCC,CTM (<10k €),1,EA,INR,152,7,22.71,159,"2,101","14,707",
,3,Tripod Stand Projector Screen 10x8 Ft,0800,SKODA Auto VW India,0800,Plant Pune,Purchasing Organisation LPOS (SAVWIPL),Purchasing Group GPN,GPN,24321900 - Projektor,4/30/2026,2/5/2026,5/7/2026,6/1/2026,SAGAR SATHE,2171000,2171000,ZCC,CTM (<10k €),1,EA,INR,152,1,167.17,167,"15,463","15,463",
1012362809,1,USB C Docking Station,0800,SKODA Auto VW India,9790,Volkswagen Group Digital Sol Pvt Ltd,Purchase Organisation LPOS,Purchasing Group GPN,GPN,43211500 - IT Accessories,4/19/2026,21/4/2026,4/26/2026,5/21/2026,SAGAR SATHE,2177000,2177000,ZCC,CTM (<10k €),1,EA,INR,163,20,40.13,803,"3,712","74,240",Open
,2,HDMI Cable 3 Mtr,0800,SKODA Auto VW India,9790,Volkswagen Group Digital Sol Pvt Ltd,Purchase Organisation LPOS,Purchasing Group GPN,GPN,43211500 - IT Accessories,4/19/2026,21/4/2026,4/26/2026,5/21/2026,SAGAR SATHE,2177000,2177000,ZCC,CTM (<10k €),1,EA,INR,163,59,3.85,227,356,"21,004",
,3,Wireless Keyboard Mouse Combo,0800,SKODA Auto VW India,9790,Volkswagen Group Digital Sol Pvt Ltd,Purchase Organisation LPOS,Purchasing Group GPN,GPN,43211500 - IT Accessories,4/19/2026,21/4/2026,4/26/2026,5/21/2026,SAGAR SATHE,2177000,2177000,ZCC,CTM (<10k €),1,EA,INR,163,14,22.48,315,"2,079","29,106",
1012362862,1,File Folders,0800,SKODA Auto VW India,0800,Plant Pune,Purchasing Organisation LPOS (SAVWIPL),Purchasing Group A05,A05,44121600 - Stationery,4/8/2026,10/4/2026,4/15/2026,5/10/2026,PRIYA JOSHI,2181000,2181000,ZCC,CTM (<10k €),1,EA,INR,174,229,0.65,149,60,"13,740",Open
,2,Whiteboard Markers Box,0800,SKODA Auto VW India,0800,Plant Pune,Purchasing Organisation LPOS (SAVWIPL),Purchasing Group A05,A05,44121600 - Stationery,4/8/2026,10/4/2026,4/15/2026,5/10/2026,PRIYA JOSHI,2181000,2181000,ZCC,CTM (<10k €),1,EA,INR,174,32,2.95,94,273,"8,736",
1012362915,1,Pest Control Annual Contract,0800,SKODA Auto VW India,0800,Plant Pune,Purchasing Organisation LPOS (SAVWIPL),Purchasing Group G09,G09,90101500 - Facility Services,8/25/2026,27/8/2026,9/1/2026,9/26/2026,AMIT DESHMUKH,2178000,2178000,ZCC,CTM (<10k €),1,AU,INR,35,1,733.48,733,"67,847","67,847",Open
,2,Housekeeping Service Monthly,0800,SKODA Auto VW India,0800,Plant Pune,Purchasing Organisation LPOS (SAVWIPL),Purchasing Group G09,G09,90101500 - Facility Services,8/25/2026,27/8/2026,9/1/2026,9/26/2026,AMIT DESHMUKH,2178000,2178000,ZCC,CTM (<10k €),1,AU,INR,35,3,969.85,"2,910","89,711","269,133",
,3,Garden Maintenance Monthly,0800,SKODA Auto VW India,0800,Plant Pune,Purchasing Organisation LPOS (SAVWIPL),Purchasing Group G09,G09,90101500 - Facility Services,8/25/2026,27/8/2026,9/1/2026,9/26/2026,AMIT DESHMUKH,2178000,2178000,ZCC,CTM (<10k €),1,AU,INR,35,2,266.13,532,"24,617","49,234",
1012362968,1,Employee Handbook Printing,0800,SKODA Auto VW India,0800,Plant Pune,Purchasing Organisation LPOS (SAVWIPL),Purchasing Group A05,A05,82121500 - Printing Services,8/14/2026,16/8/2026,8/21/2026,9/15/2026,PRIYA JOSHI,2172000,2172000,ZCC,CTM (<10k €),1,EA,INR,46,137,2.39,327,221,"30,277",Open
,2,Safety Poster Printing A2,0800,SKODA Auto VW India,0800,Plant Pune,Purchasing Organisation LPOS (SAVWIPL),Purchasing Group A05,A05,82121500 - Printing Services,8/14/2026,16/8/2026,8/21/2026,9/15/2026,PRIYA JOSHI,2172000,2172000,ZCC,CTM (<10k €),1,EA,INR,46,149,1.35,201,125,"18,625",
,3,Visitor Brochure Printing,0800,SKODA Auto VW India,0800,Plant Pune,Purchasing Organisation LPOS (SAVWIPL),Purchasing Group A05,A05,82121500 - Printing Services,8/14/2026,16/8/2026,8/21/2026,9/15/2026,PRIYA JOSHI,2172000,2172000,ZCC,CTM (<10k €),1,EA,INR,46,"2,643",0.46,"1,229",43,"113,649",
1012363021,1,Courier Charges Bulk Dispatch,0800,SKODA Auto VW India,0800,Plant Pune,Purchasing Organisation LPOS (SAVWIPL),Purchasing Group G07,G07,78101800 - Transport And Logistics,8/3/2026,5/8/2026,8/10/2026,9/4/2026,MRUNAL PAWAR,2181000,2181000,ZCC,CTM (<10k €),1,AU,INR,57,1,309.59,310,"28,637","28,637",Open
,2,Visitor Cab Hire Package,0800,SKODA Auto VW India,0800,Plant Pune,Purchasing Organisation LPOS (SAVWIPL),Purchasing Group G07,G07,78101800 - Transport And Logistics,8/3/2026,5/8/2026,8/10/2026,9/4/2026,MRUNAL PAWAR,2181000,2181000,ZCC,CTM (<10k €),1,AU,INR,57,3,70.34,211,"6,506","19,518",
1012363074,1,First Aid Training Per Batch,0800,SKODA Auto VW India,0800,Plant Pune,Purchasing Organisation LPOS (SAVWIPL),Purchasing Group G05,G05,86101700 - Training Services,7/23/2026,25/7/2026,7/30/2026,8/24/2026,AMIT DESHMUKH,2177000,2177000,ZCC,CTM (<10k €),1,AU,INR,68,3,276.35,829,"25,562","76,686",Open
,2,Soft Skills Workshop Per Batch,0800,SKODA Auto VW India,0800,Plant Pune,Purchasing Organisation LPOS (SAVWIPL),Purchasing Group G05,G05,86101700 - Training Services,7/23/2026,25/7/2026,7/30/2026,8/24/2026,AMIT DESHMUKH,2177000,2177000,ZCC,CTM (<10k €),1,AU,INR,68,2,451.37,903,"41,752","83,504",
,3,Excel Advanced Training Per Batch,0800,SKODA Auto VW India,0800,Plant Pune,Purchasing Organisation LPOS (SAVWIPL),Purchasing Group G05,G05,86101700 - Training Services,7/23/2026,25/7/2026,7/30/2026,8/24/2026,AMIT DESHMUKH,2177000,2177000,ZCC,CTM (<10k €),1,AU,INR,68,3,232.54,698,"21,510","64,530",
1012399041,1,Delegation Lunch Buffet,0800,SKODA Auto VW India,0800,Plant Pune,Purchasing Organisation LPOS (SAVWIPL),Purchasing Group A05,A05,25200000 - Gastronomie Und Bewirtung (Dienstleistung),9/26/2026,28/9/2026,10/3/2026,10/28/2026,MRUNAL PAWAR,2176000,2176000,ZCC,CTM (<10k €),1,EA,INR,3,600,3.03,"1,816",280,"168,000",Open
,2,Welcome Tea And Snacks,0800,SKODA Auto VW India,0800,Plant Pune,Purchasing Organisation LPOS (SAVWIPL),Purchasing Group A05,A05,25200000 - Gastronomie Und Bewirtung (Dienstleistung),9/26/2026,28/9/2026,10/3/2026,10/28/2026,MRUNAL PAWAR,2176000,2176000,ZCC,CTM (<10k €),1,EA,INR,3,600,0.56,337,52,"31,200",
,3,Plant Visit Refreshment Kits,0800,SKODA Auto VW India,0800,Plant Pune,Purchasing Organisation LPOS (SAVWIPL),Purchasing Group A05,A05,25200000 - Gastronomie Und Bewirtung (Dienstleistung),9/26/2026,28/9/2026,10/3/2026,10/28/2026,MRUNAL PAWAR,2176000,2176000,ZCC,CTM (<10k €),1,EA,INR,3,200,1.30,259,120,"24,000",
,4,Dinner Buffet Day 1,0800,SKODA Auto VW India,0800,Plant Pune,Purchasing Organisation LPOS (SAVWIPL),Purchasing Group A05,A05,25200000 - Gastronomie Und Bewirtung (Dienstleistung),9/26/2026,28/9/2026,10/3/2026,10/28/2026,MRUNAL PAWAR,2176000,2176000,ZCC,CTM (<10k €),1,EA,INR,3,150,3.68,551,340,"51,000",
,5,Mineral Water 1 Ltr Cartons,0800,SKODA Auto VW India,0800,Plant Pune,Purchasing Organisation LPOS (SAVWIPL),Purchasing Group A05,A05,25200000 - Gastronomie Und Bewirtung (Dienstleistung),9/26/2026,28/9/2026,10/3/2026,10/28/2026,MRUNAL PAWAR,2176000,2176000,ZCC,CTM (<10k €),1,EA,INR,3,100,2.81,281,260,"26,000",
,6,Service Staff And Live Counters,0800,SKODA Auto VW India,0800,Plant Pune,Purchasing Organisation LPOS (SAVWIPL),Purchasing Group A05,A05,25200000 - Gastronomie Und Bewirtung (Dienstleistung),9/26/2026,28/9/2026,10/3/2026,10/28/2026,MRUNAL PAWAR,2176000,2176000,ZCC,CTM (<10k €),1,AU,INR,3,1,194.59,195,"18,000","18,000",
